file,reason,source_path
katturaigal/nirubarin_nilai.md,"Printed pages 182-184 are absent after Image 8 (page 181); Image 9 is unrelated page 185 from an article on science, and Image 10 resumes only the final fragment of the reporter article. Recover the three missing pages and remove the misassigned scan before translation",outputs/annavin_text_extractor/ocr_text_corrected/katturaigal/nirubarin_nilai.md
nadagangal/bagirathiyin_1.md,"Ten scan pages have no OCR text, leaving only metadata and an unusable fragment; recover the false-empty pages before translation",outputs/annavin_text_extractor/ocr_text_corrected/nadagangal/bagirathiyin_1.md
nadagangal/kurumbukaran_1.md,"The first source image is a duplicated or misassigned Bhagirathi title page and the actual opening of Kurumbukaran is absent; recover and verify the image set before translation",outputs/annavin_text_extractor/ocr_text_corrected/nadagangal/kurumbukaran_1.md
nadagangal/mangalapuri_1.md,"Images 1, 2, 4 and 5 contain no OCR text, leaving the play's opening and internal scenes incomplete despite a surviving 1959-to-1966 frame",outputs/annavin_text_extractor/ocr_text_corrected/nadagangal/mangalapuri_1.md
nadagangal/kaasurar_1.md,"The source explicitly labels itself an unfinished short play and its surviving final scene ends without completion; retain for recovery or classify as an intentionally unfinished work before final translation",outputs/annavin_text_extractor/ocr_text_corrected/nadagangal/kaasurar_1.md
nadagangal/ragavayanam_1.md,"Images 3, 7 and 8 contain no OCR text, removing transitions and the ending of the play",outputs/annavin_text_extractor/ocr_text_corrected/nadagangal/ragavayanam_1.md
nadagangal/gandhi_jayanthi_1.md,"Images 1, 3, 4, 11 and 12 contain no OCR text, including the opening and material immediately before the closing exchange",outputs/annavin_text_extractor/ocr_text_corrected/nadagangal/gandhi_jayanthi_1.md
katturaigal/valarppupen.md,"The sixth and final extracted image ends mid-argument after Periyar's claimed five or six years of trust in Maniammai; recover the continuation before producing a complete translation",outputs/annavin_text_extractor/ocr_text_corrected/katturaigal/valarppupen.md
sorpozhivugal/sudhanthira_kaiyelu.md,"All 14 handwritten manuscript images are effectively unreadable in the current OCR; one page reports no text and the remaining output is overwhelmingly disconnected glyphs, so the speech must be re-transcribed from the scans before faithful translation",outputs/annavin_text_extractor/ocr_text_corrected/sorpozhivugal/sudhanthira_kaiyelu.md
sirukathaigal/rajapart.md,"14 of 16 scan pages contain no OCR text; recover images 2-4 and 6-9 in part 1 plus images 1-3 and 5-7 in part 2 before translation",outputs/annavin_text_extractor/organized_contents/sirukathaigal/rajapart.md
sirukathaigal/sollathathu.md,"9 of 13 scan pages contain no OCR text; recover images 1, 5-10, and 12 before translation",outputs/annavin_text_extractor/ocr_text_corrected/sirukathaigal/sollathathu.md
nadagangal/orae_oru_vithi_1.md,"5 of 6 scan pages contain no OCR text; only image 6 dialogue is presently recoverable",outputs/annavin_text_extractor/ocr_text_corrected/nadagangal/orae_oru_vithi_1.md
nadagangal/avanasiyar_1.md,"4 of 5 scan pages contain no OCR text; only image 1 classroom scene is presently recoverable",outputs/annavin_text_extractor/ocr_text_corrected/nadagangal/avanasiyar_1.md
nadagangal/avargal_ullam_1.md,"7 of 8 scan pages contain no OCR text; only image 4 Maratha dialogue is presently recoverable",outputs/annavin_text_extractor/ocr_text_corrected/nadagangal/avargal_ullam_1.md
nadagangal/sumangalipooja_1.md,"10 of 11 scan pages contain no OCR text; only image 9 charity dialogue is presently recoverable",outputs/annavin_text_extractor/ocr_text_corrected/nadagangal/sumangalipooja_1.md
nadagangal/mudhalalithuva_1.md,"2 of 4 scan pages contain no OCR text; images 2 and 4 leave a dialogue gap",outputs/annavin_text_extractor/ocr_text_corrected/nadagangal/mudhalalithuva_1.md
nadagangal/roam_erigirathu_1.md,"Final image 3 contains no OCR text; dialogue stops when Hitler answers the telephone",outputs/annavin_text_extractor/ocr_text_corrected/nadagangal/roam_erigirathu_1.md
nadagangal/bajirao_1.md,"Final images 3-4 contain no OCR text; palace scene ends mid-question",outputs/annavin_text_extractor/ocr_text_corrected/nadagangal/bajirao_1.md
nadagangal/dharmam_thalai_1.md,"4 of 6 scan pages contain no OCR text; only images 3-4 fundraising dialogue are recoverable",outputs/annavin_text_extractor/ocr_text_corrected/nadagangal/dharmam_thalai_1.md
sorpozhivugal/180767_2.md,"Image 3 contains no OCR text; historic Tamil Nadu naming speech has a middle gap",outputs/annavin_text_extractor/ocr_text_corrected/sorpozhivugal/180767_2.md
nadagangal/kattaiviral_1.md,"6 of 8 scan pages contain no OCR text; only images 4 and 7 are recoverable",outputs/annavin_text_extractor/ocr_text_corrected/nadagangal/kattaiviral_1.md
nadagangal/mangai_oorugai_1.md,"7 of 9 scan pages contain no OCR text; only images 3 and 9 are recoverable",outputs/annavin_text_extractor/ocr_text_corrected/nadagangal/mangai_oorugai_1.md
nadagangal/kal_sumantha_1.md,"11 of 13 scan pages contain no OCR text; only opening image 1 and final image 13 are recoverable",outputs/annavin_text_extractor/ocr_text_corrected/nadagangal/kal_sumantha_1.md
nadagangal/congresswala_1.md,"Final images 4-5 contain no OCR text; 1938 Legislature satire ends mid-sentence",outputs/annavin_text_extractor/ocr_text_corrected/nadagangal/congresswala_1.md
nadagangal/sellapillai_1.md,"Images 2 and 4-5 contain no OCR text; setup and final motor-shed scene survive with gaps",outputs/annavin_text_extractor/ocr_text_corrected/nadagangal/sellapillai_1.md
nadagangal/avar_pesathathu_1.md,"5 of 8 scan pages contain no OCR text; political conversation begins and ends mid-sentence",outputs/annavin_text_extractor/ocr_text_corrected/nadagangal/avar_pesathathu_1.md
nadagangal/kailayam_1.md,"4 of 7 scan pages contain no OCR text; two Purana critiques and conclusion survive",outputs/annavin_text_extractor/ocr_text_corrected/nadagangal/kailayam_1.md
nadagangal/enthan_thiru_1.md,"4 of 7 scan pages contain no OCR text; title page and conclusion of counterfeit-note fraud are absent",outputs/annavin_text_extractor/ocr_text_corrected/nadagangal/enthan_thiru_1.md
nadagangal/morarji_thesai.md,"14 of 16 scan images contain no OCR text; only Part 1 Image 7 and Part 2 Image 3 survive, leaving the political stage scene incomplete",outputs/annavin_text_extractor/ocr_text_corrected/nadagangal/morarji_thesai.md
sorpozhivugal/271167.md,"Image 5 closing lines are severely garbled after the electricity-tariff sentence; recover from a clearer scan or the 27 November 1967 Assembly record",outputs/annavin_text_extractor/ocr_text_corrected/sorpozhivugal/271167.md
sorpozhivugal/170868.md,"Passage between Images 3 and 4 is absent after the current-year total begins with Rs. 2 crore; grant numbers and the Cauvery irrigation work also need scan verification",outputs/annavin_text_extractor/ocr_text_corrected/sorpozhivugal/170868.md
sorpozhivugal/nadagathil_oru.md,"Opening survey of the T. K. S. troupe's historical and literary plays is cut off between Images 1 and 2; recover the missing page or passage",outputs/annavin_text_extractor/ocr_text_corrected/sorpozhivugal/nadagathil_oru.md
sorpozhivugal/satta_11_03_1958.md,"Speech begins mid-argument, loses material between Images 4 and 5, and ends mid-question; recover the complete 11 March 1958 Assembly language debate and verify Article 344",outputs/annavin_text_extractor/ocr_text_corrected/sorpozhivugal/satta_11_03_1958.md
sorpozhivugal/270368.md,"Short line clusters at the beginnings of Images 3 and 5 are damaged; verify the oil-lamp wording and the English loan phrase rendered as breathing space",outputs/annavin_text_extractor/ocr_text_corrected/sorpozhivugal/270368.md
sorpozhivugal/allal_agala.md,"Substantial passage missing between Images 3 and 4, from the Khrushchev discussion to the proposed aluminium factory; recover it and verify the Seshasayee company reference",outputs/annavin_text_extractor/ocr_text_corrected/sorpozhivugal/allal_agala.md
sorpozhivugal/nithi_othukka260757.md,"Verify damaged header date and bill year, and recover the illegible embedded English phrase in Rajagopalachari's quoted comparison on Image 5",outputs/annavin_text_extractor/ocr_text_corrected/sorpozhivugal/nithi_othukka260757.md
sorpozhivugal/260368.md,"Recover short damaged line clusters at the beginnings of Images 3, 5 and 6, including the office held by Minister Govindasamy",outputs/annavin_text_extractor/ocr_text_corrected/sorpozhivugal/260368.md
sorpozhivugal/130767.md,"Re-OCR embedded English in Images 2-3 and 6-7, recover damaged Image 6 lines, and obtain continuation after Anna begins proposing a simple resolution",outputs/annavin_text_extractor/ocr_text_corrected/sorpozhivugal/130767.md
sorpozhivugal/nithi300460.md,"Recover the English title of the Salem-iron reference book on Image 2 and damaged passages at the ends of Images 4 and 6",outputs/annavin_text_extractor/ocr_text_corrected/sorpozhivugal/nithi300460.md
sorpozhivugal/060767.md,"Recover the damaged closing lines of Image 7 in Anna's distinction between fringe actors and responsible party leadership",outputs/annavin_text_extractor/ocr_text_corrected/sorpozhivugal/060767.md
sorpozhivugal/amaichar160361.md,"Recover damaged Salem court-case lines, election-fund transitions, corporate-contributor discussion, and the end of the proposal that Ministers resign before elections",outputs/annavin_text_extractor/ocr_text_corrected/sorpozhivugal/amaichar160361.md
sorpozhivugal/poar_murasu_kotti.md,"Recover the passage between Images 5 and 6 concerning Nehru's language assurance and obtain the continuation after the final unfinished readiness appeal",outputs/annavin_text_extractor/ocr_text_corrected/sorpozhivugal/poar_murasu_kotti.md
sorpozhivugal/180767.md,"Recover all of Image 3, damaged Images 6-7 transition, embedded English intervention on Image 8, and continuation of Anna's final reply to Vinayakam",outputs/annavin_text_extractor/ocr_text_corrected/sorpozhivugal/180767.md
sorpozhivugal/maedai_paechu.md,"Verify the exact Kalamegam comic-horse measure in Image 5 and the printed year in the heading",outputs/annavin_text_extractor/ocr_text_corrected/sorpozhivugal/maedai_paechu.md
sorpozhivugal/velanmai180948.md,"Re-OCR statement-of-objects English on Image 2 and student slogan on Image 8; verify damaged rule-making transition at Images 4-5",outputs/annavin_text_extractor/ocr_text_corrected/sorpozhivugal/velanmai180948.md
sorpozhivugal/veetirkor_putha.md,"Verify the exact infernal-pit names on Image 5 and the lunar-research wording in the same image",outputs/annavin_text_extractor/ocr_text_corrected/sorpozhivugal/veetirkor_putha.md
katturaigal/pazhaya_company.md,"Source sequence is corrupt: Image 1 is the opening of 'பழைய கம்பெனி!' about Congress and Muslim League ministries, while Images 2-11 abruptly switch to a Roosevelt obituary beginning mid-list. Recover the continuation of the first article and the missing opening of the second before separating them into canonical works.",outputs/annavin_text_extractor/ocr_text_corrected/katturaigal/pazhaya_company.md
katturaigal/singam_sirunari_1.md,"Part 1 ends mid-sentence after introducing New Delhi's proposed redesign. Recover the continuation from Part 2 and combine the complete article before translation.",outputs/annavin_text_extractor/ocr_text_corrected/katturaigal/singam_sirunari_1.md
katturaigal/singam_sirunari_2.md,"The mapped Part 2 HTML contains navigation only and no article body or scans. Recover the missing continuation required by Part 1.",outputs/annavin_text_extractor/md_pages/katturaigal/singam_sirunari_2.md
